insert into candidate (id, name, role, avatar_url, slot) values
 (1, 'Alexey', 'Backend Developer', '/assets/candidates/alexey.png', 0),
 (2, 'Maria',  'Frontend Developer','/assets/candidates/maria.png',  1),
 (3, 'Dmitry', 'DevOps Engineer',   '/assets/candidates/dmitry.png', 2),
 (4, 'Sergey', 'Junior Developer',  '/assets/candidates/sergey.png', 3);

insert into candidate_strength (candidate_id, strength) values
 (1, 'Databases'), (1, 'Algorithms'), (1, 'Optimization'),
 (2, 'Frontend'), (2, 'CSS'), (2, 'Accessibility'),
 (3, 'CI/CD'), (3, 'Docker'), (3, 'Networking'),
 (4, 'Basics');

insert into question_template (id, text, topic, difficulty, time_limit_seconds) values
 (1,  'How would you speed up a slow SQL query?',                'Databases',    'MEDIUM', 45),
 (2,  'What does a CI pipeline typically automate?',             'DevOps',       'MEDIUM', 45),
 (3,  'What is the time complexity of binary search?',           'Algorithms',   'MEDIUM', 45),
 (4,  'How do you make a web page accessible to screen readers?','Frontend',     'MEDIUM', 45),
 (5,  'When would you add a database index?',                    'Databases',    'MEDIUM', 45),
 (6,  'What problem does Docker solve?',                         'DevOps',       'MEDIUM', 45),
 (7,  'How do you detect an O(n^2) bottleneck?',                 'Algorithms',   'MEDIUM', 45),
 (8,  'What is a variable?',                                     'Basics',       'MEDIUM', 45),
 (9,  'What is a database transaction?',                         'Databases',    'MEDIUM', 45),
 (10, 'Why use a reverse proxy?',                                'Networking',   'MEDIUM', 45),
 (11, 'What is normalization in databases?',                     'Databases',    'MEDIUM', 45),
 (12, 'How does CSS specificity work?',                          'Frontend',     'MEDIUM', 45),
 (13, 'How would you optimize an N+1 query?',                    'Optimization', 'MEDIUM', 45),
 (14, 'What is blue-green deployment?',                          'DevOps',       'MEDIUM', 45),
 (15, 'What is the difference between a stack and a queue?',     'Algorithms',   'MEDIUM', 45),
 (16, 'What is semantic HTML?',                                  'Frontend',     'MEDIUM', 45),
 (17, 'How do you pick between a hash map and a tree map?',      'Algorithms',   'MEDIUM', 45),
 (18, 'What does a load balancer do?',                           'Networking',   'MEDIUM', 45),
 (19, 'When is denormalization justified?',                      'Databases',    'MEDIUM', 45),
 (20, 'What is progressive enhancement?',                        'Frontend',     'MEDIUM', 45);

insert into answer_template (id, question_id, candidate_slot, text, is_correct) values
 (1,1,0,'Add an index on the filtered columns and check the query plan.',true),
 (2,1,1,'Make the font bigger.',false),
 (3,1,2,'Restart the database server.',false),
 (4,1,3,'Delete some rows at random.',false),
 (5,2,0,'It renders CSS.',false),
 (6,2,1,'It designs the logo.',false),
 (7,2,2,'It builds, tests and deploys code automatically.',true),
 (8,2,3,'It writes the requirements.',false),
 (9,3,0,'O(log n).',true),
 (10,3,1,'O(n log n).',false),
 (11,3,2,'O(n).',false),
 (12,3,3,'O(1) always.',false),
 (13,4,0,'Use smaller images.',false),
 (14,4,1,'Add ARIA roles and semantic elements with alt text.',true),
 (15,4,2,'Disable JavaScript.',false),
 (16,4,3,'Nothing special is needed.',false),
 (17,5,0,'When a column is frequently used to filter or join.',true),
 (18,5,1,'On every column always.',false),
 (19,5,2,'Never, indexes are slow.',false),
 (20,5,3,'When the table is empty.',false),
 (21,6,0,'It compiles Java.',false),
 (22,6,1,'It styles the UI.',false),
 (23,6,2,'It packages an app with its dependencies into a portable image.',true),
 (24,6,3,'It replaces the database.',false),
 (25,7,0,'Profile the code and look for nested loops over the input.',true),
 (26,7,1,'Add more CSS.',false),
 (27,7,2,'Reboot the machine.',false),
 (28,7,3,'Guess randomly.',false),
 (29,8,0,'A named storage location for a value.',false),
 (30,8,1,'A kind of loop.',false),
 (31,8,2,'A network protocol.',false),
 (32,8,3,'A named storage location for a value.',true),
 (33,9,0,'A unit of work that is all-or-nothing (atomic).',true),
 (34,9,1,'A CSS rule.',false),
 (35,9,2,'A container image.',false),
 (36,9,3,'A type of button.',false),
 (37,10,0,'To store data.',false),
 (38,10,1,'To style pages.',false),
 (39,10,2,'To route and shield backend services behind one entry point.',true),
 (40,10,3,'To compile code.',false),
 (41,11,0,'Structuring tables to reduce redundancy.',true),
 (42,11,1,'Making text uppercase.',false),
 (43,11,2,'Scaling servers.',false),
 (44,11,3,'Deleting duplicates by hand.',false),
 (45,12,0,'Higher specificity is random.',false),
 (46,12,1,'Selectors are scored; more specific selectors win.',true),
 (47,12,2,'Only inline styles matter.',false),
 (48,12,3,'CSS has no specificity.',false),
 (49,13,0,'Batch the child lookups into one query (join or IN).',true),
 (50,13,1,'Add a spinner.',false),
 (51,13,2,'Increase the timeout.',false),
 (52,13,3,'Ignore it.',false),
 (53,14,0,'A sorting algorithm.',false),
 (54,14,1,'A CSS framework.',false),
 (55,14,2,'Deploy to a parallel environment then switch traffic over.',true),
 (56,14,3,'A database index.',false),
 (57,15,0,'A stack is LIFO, a queue is FIFO.',true),
 (58,15,1,'They are identical.',false),
 (59,15,2,'A stack is FIFO, a queue is LIFO.',false),
 (60,15,3,'Both are random access.',false),
 (61,16,0,'Using divs for everything.',false),
 (62,16,1,'Using elements that describe their meaning (nav, article, header).',true),
 (63,16,2,'Inlining all styles.',false),
 (64,16,3,'Avoiding HTML entirely.',false),
 (65,17,0,'Hash map for O(1) lookup, tree map when you need ordering.',true),
 (66,17,1,'Always use a tree map.',false),
 (67,17,2,'They are the same.',false),
 (68,17,3,'Never use maps.',false),
 (69,18,0,'It stores files.',false),
 (70,18,1,'It renders HTML.',false),
 (71,18,2,'It spreads traffic across multiple instances.',true),
 (72,18,3,'It compiles code.',false),
 (73,19,0,'When read performance outweighs redundancy costs.',true),
 (74,19,1,'Always denormalize.',false),
 (75,19,2,'Never denormalize.',false),
 (76,19,3,'Only on Sundays.',false),
 (77,20,0,'Disable the site for old browsers.',false),
 (78,20,1,'Start with a working baseline, then layer richer features.',true),
 (79,20,2,'Serve only images.',false),
 (80,20,3,'Require the latest browser.',false);
